{"0.0.4:emit:2":{"ev.emit":[12055.944055944055,12215.784215784215,12100.899100899102,12080.91908091908,12084.915084915085],"ev":[19869.13086913087,20056.943056943055,19407.59240759241,19701.2987012987,19872.127872127872],"ev no init":[6047.952047952048,5994.005994005994,6083.916083916084,6770.22977022977,6754.245754245754],"EventEmitter":[5409.59040959041,5417.582417582417,5404.595404595405,5362.6373626373625,5461.538461538462]},"0.0.4:add":{"ev":[1497.5024975024976,1369.6303696303696,1407.5924075924077,1148.2834185536888,874.5098039215686],"EventEmitter":[5493.506493506494,5398.601398601399,6.321112515802781,6066.933066933067,6417.582417582417]},"0.0.4:remove":{"ev":[30412.587412587414,39639.36063936064,39577.42257742258,39689.31068931069,39651.34865134865],"EventEmitter":[9352.647352647353,9456.543456543457,9432.567432567432,9437.562437562437,9327.672327672328]},"0.0.4:emit:1":{"ev.emit":[25820.17982017982,25621.378621378622,25654.345654345656,24295.704295704294,24309.690309690308],"ev":[57226.77322677323,57086.91308691309,52811.18881118881,52811.18881118881,52755.244755244756],"ev no init":[58099.9000999001,57008.99100899101,56945.054945054944,52938.06193806194,52670.32967032967],"EventEmitter":[23439.56043956044,23015.984015984017,22925.074925074925,21973.026973026972,21861.13886113886]},"0.0.4:emit:3":{"ev.emit":[8318.681318681318,8501.498501498501,8549.45054945055,8339.66033966034,8362.637362637362],"ev":[10738.261738261739,10926.073926073926,10913.086913086912,10703.296703296703,10669.33066933067],"ev no init":[5212.787212787212,5195.804195804196,5202.797202797203,5217.782217782218,5217.782217782218],"EventEmitter":[4537.4625374625375,4457.542457542458,4526.473526473526,4531.468531468531,4531.468531468531]}}